{"stats":{"minecraft:crafted":{"exdeorum:stone_barrel":1,"minecraft:oak_slab":15,"minecraft:oak_planks":94,"minecraft:barrel":1,"minecraft:crafting_table":1,"minecraft:wooden_pickaxe":1,"pickletweaks:flint_shears":1,"minecraft:furnace":1,"croptopia:toast":6,"minecraft:stone":29,"exdeorum:unfired_porcelain_crucible":2,"exdeorum:compressed_stone_hammer":1,"allthecompressed:cobblestone_1x":1,"minecraft:air":573,"exdeorum:crook":1,"exdeorum:oak_crucible":1,"exdeorum:porcelain_clay_ball":22,"minecraft:wooden_hoe":1,"exdeorum:string_mesh":2,"minecraft:stick":26,"minecraft:stone_slab":6,"minecraft:stone_pickaxe":1,"minecraft:chest":2,"exdeorum:oak_sieve":26,"exdeorum:stone_hammer":9,"exdeorum:porcelain_crucible":1,"dankstorage:dank_1":1},"minecraft:dropped":{"minecraft:water_bucket":1,"minecraft:clay":1,"dankstorage:dank_1":1,"minecraft:sugar_cane":1,"exdeorum:stone_barrel":1,"croptopia:toast":1,"exdeorum:string_mesh":5,"minecraft:oak_log":69,"allthecompressed:cobblestone_1x":1,"exdeorum:mycelium_spores":1,"minecraft:poisonous_potato":1,"pickletweaks:flint_shears":1,"exdeorum:oak_barrel":1,"minecraft:clay_ball":12,"exdeorum:oak_sieve":27,"exdeorum:porcelain_crucible":2,"exdeorum:osmium_ore_chunk":1,"minecraft:coal":21,"minecraft:flint":1,"minecraft:lava_bucket":1,"exdeorum:dust":19,"exdeorum:oak_crucible":1,"exdeorum:grass_seeds":2,"exdeorum:aluminum_ore_chunk":1,"minecraft:beetroot_seeds":2,"minecraft:melon_seeds":2,"exdeorum:compressed_stone_hammer":1,"minecraft:oak_sapling":14,"minecraft:bamboo":1,"exdeorum:crook":1,"minecraft:sand":1,"exdeorum:stone_pebble":51,"minecraft:oak_leaves":2,"exdeorum:stone_hammer":1},"minecraft:mined":{"minecraft:oak_sapling":1,"exdeorum:infested_leaves":1,"minecraft:clay":30,"minecraft:torch":1,"allthecompressed:gravel_1x":2,"minecraft:chest":1,"minecraft:rose_bush":1,"minecraft:cobblestone":147,"minecraft:oak_planks":1,"exdeorum:dust":1,"minecraft:oak_log":350,"minecraft:sand":74,"minecraft:sunflower":2,"minecraft:gravel":102,"minecraft:dirt":3,"minecraft:oak_leaves":122},"minecraft:used":{"exdeorum:oak_sieve":18,"minecraft:rose_bush":2,"minecraft:stone_pickaxe":32,"minecraft:oak_planks":21,"minecraft:chest":2,"minecraft:wooden_pickaxe":15,"minecraft:clay":30,"minecraft:oak_leaves":1,"minecraft:dirt":11,"minecraft:sand":74,"minecraft:crafting_table":1,"exdeorum:dust":28,"minecraft:wooden_hoe":6,"minecraft:apple":1,"minecraft:sunflower":2,"allthecompressed:gravel_1x":2,"minecraft:gravel":122,"croptopia:toast":10,"minecraft:cobblestone":83,"exdeorum:stone_hammer":255,"minecraft:oak_sapling":82,"minecraft:furnace":1,"minecraft:bucket":29,"minecraft:cooked_beef":1},"minecraft:custom":{"minecraft:interact_with_furnace":13,"minecraft:inspect_hopper":1,"minecraft:interact_with_crafting_table":42,"minecraft:open_barrel":3,"minecraft:leave_game":2,"minecraft:time_since_death":44265,"minecraft:time_since_rest":44192,"minecraft:sprint_one_cm":74094,"minecraft:damage_taken":1969,"minecraft:walk_one_cm":145473,"tombstone:sneak_grave":2,"minecraft:drop":52,"minecraft:damage_dealt":429,"minecraft:swim_one_cm":5302,"minecraft:fly_one_cm":87962,"minecraft:open_chest":112,"minecraft:crouch_one_cm":5163,"minecraft:play_time":61615,"minecraft:deaths":1,"minecraft:sneak_time":3296,"minecraft:walk_under_water_one_cm":14031,"minecraft:jump":576,"minecraft:walk_on_water_one_cm":2211,"minecraft:total_world_time":61615,"minecraft:fall_one_cm":21018},"minecraft:picked_up":{"croptopia:toast":5,"exdeorum:osmium_ore_chunk":1,"exdeorum:mycelium_spores":1,"minecraft:wheat":28,"exdeorum:stone_barrel":1,"minecraft:clay_ball":136,"exdeorum:dust":75,"minecraft:water_bucket":1,"enderio:grains_of_infinity":2,"exdeorum:iron_ore_chunk":1,"minecraft:enchanted_book":1,"minecraft:flint":8,"minecraft:oak_log":263,"exdeorum:stone_hammer":3,"exdeorum:oak_barrel":1,"minecraft:gunpowder":3,"exdeorum:grass_seeds":2,"minecraft:string":21,"minecraft:dirt":13,"exdeorum:string_mesh":7,"pickletweaks:flint_shears":1,"ae2:sky_dust":1,"minecraft:apple":3,"minecraft:bucket":1,"minecraft:wheat_seeds":15,"exdeorum:stone_pebble":51,"exdeorum:oak_sieve":19,"minecraft:rose_bush":2,"minecraft:glowstone_dust":2,"minecraft:bamboo":1,"minecraft:sugar_cane":1,"minecraft:stone_hoe":1,"dankstorage:dank_1":1,"minecraft:stick":26,"exdeorum:porcelain_crucible":2,"allthecompressed:gravel_1x":2,"minecraft:poisonous_potato":1,"minecraft:gravel":128,"minecraft:sand":72,"botania:white_petal":3,"minecraft:carrot":1,"minecraft:redstone":1,"ae2:certus_quartz_dust":1,"exdeorum:aluminum_ore_chunk":1,"minecraft:clay":31,"minecraft:beetroot_seeds":2,"exdeorum:tin_ore_chunk":1,"minecraft:bone_meal":6,"exdeorum:copper_ore_chunk":1,"minecraft:oak_sapling":105,"minecraft:melon_seeds":2,"minecraft:blaze_powder":1,"minecraft:coal":26,"minecraft:oak_leaves":98,"exdeorum:gold_ore_chunk":1,"minecraft:cobblestone":31,"minecraft:sunflower":2}},"DataVersion":3465}