{"stats":{"minecraft:used":{"exdeorum:oak_sieve":2,"minecraft:water_bucket":1,"minecraft:stone_shovel":57,"minecraft:stone_pickaxe":40,"minecraft:oak_planks":113,"minecraft:chest":6,"exdeorum:crook":384,"minecraft:torch":3,"minecraft:sand":1,"minecraft:dirt":53,"minecraft:oak_slab":1,"minecraft:crafting_table":3,"exdeorum:silk_worm":5,"exdeorum:dust":1,"minecraft:wooden_axe":72,"exdeorum:oak_barrel":2,"minecraft:lava_bucket":3,"minecraft:gravel":6,"minecraft:stone_axe":92,"cobblefordays:tier_1":2,"minecraft:cobblestone":9,"exdeorum:stone_hammer":12,"minecraft:oak_sapling":27,"minecraft:furnace":1,"minecraft:bucket":5,"minecraft:ice":1,"tombstone:gift":1,"minecraft:cooked_beef":2,"botania:brown_petal":1},"minecraft:dropped":{"minecraft:oak_log":5,"minecraft:dirt":1,"exdeorum:dust":1,"tombstone:grave_dust":2,"minecraft:string":1},"minecraft:killed_by":{"minecraft:player":3},"minecraft:crafted":{"minecraft:oak_slab":6,"minecraft:oak_planks":42,"minecraft:stone_shovel":1,"exdeorum:oak_barrel":1,"minecraft:crafting_table":1,"minecraft:furnace":1,"minecraft:stone_axe":1,"cobblefordays:tier_1":1,"minecraft:air":191,"exdeorum:crook":4,"minecraft:glass":1,"minecraft:cobblestone":2,"exdeorum:string_mesh":1,"minecraft:stone_pickaxe":1,"minecraft:chest":6,"exdeorum:oak_sieve":2,"exdeorum:stone_hammer":1},"minecraft:custom":{"minecraft:interact_with_furnace":4,"minecraft:interact_with_crafting_table":32,"minecraft:leave_game":2,"minecraft:time_since_death":12858,"minecraft:time_since_rest":12660,"minecraft:sprint_one_cm":28326,"minecraft:damage_taken":1606,"minecraft:walk_one_cm":96240,"minecraft:drop":6,"minecraft:damage_dealt":592,"minecraft:swim_one_cm":212,"minecraft:fly_one_cm":15724,"minecraft:player_kills":2,"minecraft:open_chest":25,"minecraft:crouch_one_cm":14911,"minecraft:play_time":39297,"minecraft:deaths":5,"minecraft:sneak_time":4263,"minecraft:walk_under_water_one_cm":1327,"tombstone:tomb_raiding":1,"minecraft:jump":282,"minecraft:walk_on_water_one_cm":1332,"minecraft:total_world_time":39297,"minecraft:fall_one_cm":3042},"minecraft:mined":{"minecraft:oak_slab":1,"minecraft:oak_sapling":1,"exdeorum:infested_leaves":116,"minecraft:crafting_table":2,"minecraft:grass_block":20,"botania:brown_buried_petals":1,"minecraft:cobblestone":44,"minecraft:oak_planks":9,"cobblefordays:tier_1":2,"minecraft:fire":1,"minecraft:ice":2,"exdeorum:dust":1,"minecraft:oak_log":60,"exdeorum:oak_barrel":1,"minecraft:sand":1,"minecraft:gravel":3,"minecraft:dirt":46,"minecraft:oak_leaves":338},"minecraft:broken":{"exdeorum:crook":3},"minecraft:picked_up":{"minecraft:crafting_table":2,"exdeorum:mycelium_spores":2,"exdeorum:basalt_pebble":4,"exdeorum:dust":2,"minecraft:potato":1,"minecraft:flint":1,"minecraft:oak_log":113,"exdeorum:oak_barrel":1,"minecraft:lapis_lazuli":1,"exdeorum:blackstone_pebble":5,"minecraft:dirt":54,"exdeorum:grass_seeds":1,"minecraft:string":17,"exdeorum:string_mesh":1,"exdeorum:granite_pebble":9,"minecraft:apple":3,"cobblefordays:tier_1":2,"minecraft:bucket":1,"exdeorum:stone_pebble":36,"exdeorum:zinc_ore_chunk":1,"minecraft:sugar_cane":1,"minecraft:oak_planks":36,"minecraft:oak_slab":1,"minecraft:stick":41,"exdeorum:deepslate_pebble":7,"minecraft:torch":4,"minecraft:gravel":9,"minecraft:sand":2,"tombstone:grave_dust":1,"minecraft:carrot":1,"exdeorum:wooden_watering_can":2,"botania:brown_petal":1,"exdeorum:silk_worm":8,"exdeorum:aluminum_ore_chunk":2,"exdeorum:diorite_pebble":4,"exdeorum:andesite_pebble":6,"minecraft:oak_sapling":41,"minecraft:cobblestone":35}},"DataVersion":3465}