{"stats":{"minecraft:crafted":{"minecraft:oak_planks":196,"minecraft:stone_shovel":1,"croptopia:toast":6,"minecraft:glass":1,"minecraft:hopper":1,"exdeorum:string_mesh":17,"minecraft:stone_pickaxe":5,"minecraft:chest":14,"minecraft:stone_hoe":1,"exdeorum:stone_hammer":9,"cobblefordays:tier_2":1,"minecraft:oak_slab":6,"exdeorum:oak_barrel":2,"minecraft:wooden_pickaxe":1,"minecraft:copper_ore":3,"minecraft:campfire":5,"minecraft:stone_axe":4,"minecraft:air":872,"minecraft:bread":4,"cobblefordays:tier_1":1,"exdeorum:crook":11,"minecraft:iron_ingot":8,"minecraft:stone_sword":1,"minecraft:iron_ore":8},"minecraft:dropped":{"minecraft:stone_hoe":1,"minecraft:enchanted_book":1,"minecraft:clay":4,"dankstorage:dank_1":1,"minecraft:wheat_seeds":15,"exdeorum:stone_barrel":1,"minecraft:oak_log":32,"pickletweaks:flint_shears":2,"exdeorum:copper_ore_chunk":1,"exdeorum:oak_sieve":2,"exdeorum:porcelain_crucible":2,"minecraft:coal":25,"exdeorum:grass_seeds":2,"minecraft:bone_meal":2,"botania:white_petal":3,"minecraft:string":21,"minecraft:bucket":1,"croptopia:toast":5,"exdeorum:string_mesh":6,"minecraft:wheat":28,"exdeorum:oak_barrel":1,"minecraft:clay_ball":16,"minecraft:glowstone_dust":2,"minecraft:oak_sapling":36,"minecraft:stone_pickaxe":4,"exdeorum:stone_hammer":5,"minecraft:water_bucket":1},"minecraft:broken":{"minecraft:stone_axe":3,"exdeorum:crook":9},"minecraft:mined":{"minecraft:oak_sapling":5,"minecraft:grass_block":8,"cobblefordays:tier_1":1,"minecraft:iron_ore":1,"minecraft:fire":7,"exdeorum:oak_sieve":15,"minecraft:stone":3,"exdeorum:infested_leaves":404,"minecraft:crafting_table":1,"minecraft:torch":3,"minecraft:chest":2,"minecraft:rose_bush":1,"minecraft:cobblestone":917,"minecraft:oak_planks":30,"minecraft:wheat":55,"minecraft:ice":2,"minecraft:oak_log":61,"minecraft:dirt":86,"minecraft:oak_leaves":903},"minecraft:used":{"minecraft:stone_sword":8,"minecraft:stone_shovel":2,"minecraft:chest":15,"exdeorum:crook":1233,"minecraft:stone_hoe":20,"minecraft:torch":8,"minecraft:dirt":67,"minecraft:hopper":1,"cobblefordays:tier_2":1,"exdeorum:silk_worm":8,"minecraft:wooden_axe":17,"minecraft:lava_bucket":1,"minecraft:barrel":1,"exdeorum:porcelain_crucible":1,"cobblefordays:tier_1":1,"exdeorum:stone_hammer":283,"minecraft:oak_sapling":65,"tombstone:gift":1,"minecraft:cooked_beef":10,"exdeorum:oak_sieve":23,"minecraft:wheat_seeds":72,"minecraft:water_bucket":10,"minecraft:iron_ore":1,"minecraft:stone_pickaxe":614,"minecraft:oak_planks":404,"minecraft:wooden_pickaxe":49,"minecraft:crafting_table":1,"minecraft:campfire":5,"exdeorum:dust":29,"exdeorum:oak_barrel":2,"minecraft:bread":1,"allthecompressed:gravel_1x":1,"minecraft:gravel":297,"minecraft:stone_axe":188,"croptopia:toast":5,"minecraft:wooden_sword":1,"exdeorum:oak_crucible":1,"minecraft:cobblestone":323,"minecraft:bucket":13,"minecraft:ice":2},"minecraft:custom":{"minecraft:inspect_hopper":1,"minecraft:interact_with_crafting_table":43,"minecraft:leave_game":1,"minecraft:time_since_death":19377,"minecraft:sprint_one_cm":101421,"minecraft:walk_one_cm":168707,"minecraft:drop":41,"minecraft:talked_to_villager":1,"minecraft:play_time":79752,"minecraft:deaths":5,"minecraft:sneak_time":8266,"minecraft:walk_under_water_one_cm":12516,"minecraft:jump":474,"minecraft:walk_on_water_one_cm":4980,"minecraft:total_world_time":79752,"minecraft:interact_with_furnace":20,"minecraft:time_since_rest":19276,"minecraft:damage_taken":3849,"minecraft:damage_dealt":1015,"minecraft:swim_one_cm":5420,"minecraft:fly_one_cm":67994,"minecraft:open_chest":93,"minecraft:crouch_one_cm":38607,"minecraft:fall_one_cm":40728},"minecraft:picked_up":{"croptopia:toast":1,"exdeorum:gold_ore_chunk":8,"minecraft:crafting_table":1,"exdeorum:mycelium_spores":2,"minecraft:wheat":42,"exdeorum:dust":19,"minecraft:clay_ball":12,"exdeorum:iron_ore_chunk":34,"exdeorum:stone_hammer":1,"exdeorum:oak_barrel":1,"exdeorum:grass_seeds":5,"minecraft:string":178,"exdeorum:string_mesh":5,"exdeorum:zinc_ore_chunk":10,"exdeorum:compressed_stone_hammer":1,"allthecompressed:cobblestone_1x":1,"minecraft:sugar_cane":1,"minecraft:chest":2,"exdeorum:oak_crucible":1,"minecraft:stick":117,"minecraft:raw_iron":1,"exdeorum:porcelain_crucible":2,"minecraft:torch":4,"minecraft:redstone":6,"exdeorum:silk_worm":12,"minecraft:beetroot_seeds":2,"ae2:certus_quartz_dust":3,"exdeorum:tin_ore_chunk":14,"everlastingabilities:ability_bottle":1,"minecraft:blaze_powder":1,"minecraft:cobblestone":391,"exdeorum:osmium_ore_chunk":7,"exdeorum:crook":1,"exdeorum:stone_barrel":1,"minecraft:water_bucket":1,"enderio:grains_of_infinity":1,"minecraft:flint":69,"minecraft:oak_log":632,"minecraft:gunpowder":4,"minecraft:lapis_lazuli":7,"minecraft:dirt":67,"exdeorum:nickel_ore_chunk":8,"pickletweaks:flint_shears":2,"ae2:sky_dust":4,"minecraft:apple":4,"minecraft:wheat_seeds":127,"exdeorum:oak_sieve":25,"exdeorum:stone_pebble":68,"minecraft:iron_ore":3,"minecraft:glowstone_dust":5,"minecraft:oak_planks":10,"dankstorage:dank_1":1,"exdeorum:lead_ore_chunk":10,"minecraft:poisonous_potato":1,"minecraft:gravel":282,"minecraft:lava_bucket":1,"minecraft:sand":1,"minecraft:amethyst_shard":5,"exdeorum:silver_ore_chunk":8,"minecraft:pumpkin_seeds":1,"exdeorum:aluminum_ore_chunk":10,"minecraft:clay":2,"minecraft:bone_meal":2,"exdeorum:copper_ore_chunk":23,"minecraft:oak_sapling":169,"minecraft:melon_seeds":4,"minecraft:coal":48,"minecraft:oak_leaves":2}},"DataVersion":3465}