{"stats":{"minecraft:used":{"minecraft:wooden_axe":4,"minecraft:lava_bucket":1,"minecraft:stone_pickaxe":58,"minecraft:gravel":10,"minecraft:dirt":2,"minecraft:cobblestone":14,"minecraft:furnace":1,"exdeorum:stone_hammer":15,"minecraft:crafting_table":1,"minecraft:oak_sapling":1,"tombstone:gift":2,"minecraft:ice":1,"minecraft:cooked_beef":1},"minecraft:dropped":{"minecraft:dirt":4,"supplementaries:ash":1,"minecraft:torch":4,"exdeorum:mycelium_spores":1,"tombstone:grave_dust":1,"minecraft:oak_planks":28,"minecraft:apple":1,"minecraft:string":1,"exdeorum:wooden_watering_can":2,"minecraft:bucket":1},"minecraft:killed_by":{"minecraft:player":2},"minecraft:crafted":{"minecraft:coarse_dirt":1,"minecraft:oak_planks":25,"minecraft:stone_shovel":1,"minecraft:cobblestone":10,"minecraft:crafting_table":1,"minecraft:stone_pickaxe":1,"minecraft:wooden_axe":1,"minecraft:furnace":1,"exdeorum:stone_hammer":1,"minecraft:stone_axe":1,"minecraft:air":111},"minecraft:custom":{"minecraft:time_since_rest":1787,"minecraft:interact_with_furnace":1,"minecraft:sprint_one_cm":24201,"minecraft:damage_taken":4243,"minecraft:walk_one_cm":56341,"minecraft:drop":17,"minecraft:damage_dealt":770,"minecraft:player_kills":3,"minecraft:interact_with_crafting_table":14,"minecraft:fly_one_cm":53600,"minecraft:open_chest":15,"minecraft:crouch_one_cm":4583,"minecraft:play_time":47290,"minecraft:deaths":4,"minecraft:walk_under_water_one_cm":848,"minecraft:sneak_time":1959,"tombstone:tomb_raiding":3,"minecraft:jump":562,"minecraft:walk_on_water_one_cm":1088,"minecraft:leave_game":3,"minecraft:time_since_death":1920,"minecraft:total_world_time":47290,"minecraft:fall_one_cm":42732},"minecraft:mined":{"minecraft:fire":1,"minecraft:grass_block":1,"minecraft:oak_log":9,"minecraft:dirt":1,"minecraft:cobblestone":73},"minecraft:picked_up":{"exdeorum:gold_ore_chunk":1,"minecraft:stick":15,"exdeorum:mycelium_spores":1,"exdeorum:deepslate_pebble":8,"exdeorum:basalt_pebble":5,"minecraft:torch":4,"minecraft:potato":1,"minecraft:gravel":15,"minecraft:flint":4,"minecraft:oak_log":25,"tombstone:grave_dust":2,"exdeorum:nickel_ore_chunk":2,"exdeorum:blackstone_pebble":5,"minecraft:dirt":10,"minecraft:string":2,"exdeorum:granite_pebble":8,"exdeorum:aluminum_ore_chunk":2,"minecraft:apple":2,"exdeorum:diorite_pebble":8,"exdeorum:tin_ore_chunk":1,"exdeorum:stone_pebble":41,"exdeorum:copper_ore_chunk":2,"exdeorum:andesite_pebble":5,"supplementaries:ash":1,"minecraft:oak_sapling":23,"minecraft:cobblestone":39,"minecraft:sunflower":1}},"DataVersion":3465}